,D_percent,R_percent
authority/subversion,0.32149481068398844,0.3936364039496719
care/harm,0.29241781483035667,0.17695540911060223
fairness/cheating,0.08247245440387177,0.06645366070087233
liberty/oppression,0.030215409852552354,0.0390249112430497
loyalty/betrayal,0.14568550397591754,0.08004074450129538
sanctity/degradation,0.20451346629363365,0.1914991650421367
